file,isPage,buttons,buttonsWired,buttonsUnwired,emptyHandlers,notImplemented,todo,forms,loadingState,toast,confirm,print,directDb,repoImports,rpc
src/components/accounting/AccountFormDialog.tsx,false,2,2,0,0,0,0,4,1,0,0,0,0,0,0
src/components/accounting/JournalDetailDialog.tsx,false,2,2,0,0,0,0,0,1,0,0,0,0,0,0
src/components/accounting/JournalFormDialog.tsx,false,4,4,0,0,0,0,4,3,0,0,0,0,0,0
src/components/admin/PdfHealthPanel.tsx,false,2,2,0,0,0,0,0,0,0,0,2,0,0,0
src/components/admin/RestoreBackupConfigureView.tsx,false,2,2,0,0,0,0,0,0,0,0,0,0,0,0
src/components/admin/RestoreBackupDialog.tsx,false,5,5,0,0,0,0,0,0,0,0,0,0,0,0
src/components/admin/RestoreBackupResultsView.tsx,false,3,3,0,0,0,0,0,0,0,0,0,0,0,0
src/components/attendance/LeaveRequestDialog.tsx,false,2,2,0,0,0,0,0,2,4,0,0,0,0,0
src/components/auth/TwoFactorSetup.tsx,false,6,6,0,0,0,0,0,7,8,0,0,1,0,0
src/components/categories/CategoryFormDialog.tsx,false,0,0,0,0,0,0,3,3,0,0,0,0,1,0
src/components/credit-notes/CreditNoteFormDialog.tsx,false,2,2,0,0,0,0,0,7,6,0,0,0,1,0
src/components/customers/alerts/AlertItemActions.tsx,false,5,5,0,0,0,0,0,0,0,0,0,0,0,0
src/components/customers/details/CommunicationLogTab.tsx,false,3,3,0,0,0,0,0,4,0,0,0,0,0,0
src/components/customers/details/CustomerErrorBoundary.tsx,false,1,1,0,0,0,0,0,0,0,0,0,0,0,0
src/components/customers/details/CustomerPinnedNote.tsx,false,1,1,0,0,0,0,0,0,0,0,0,1,0,0
src/components/customers/details/CustomerSmartAlerts.tsx,false,1,1,0,0,0,0,0,0,0,0,0,0,0,0
src/components/customers/details/StatementOfAccount.tsx,false,3,2,1,0,0,0,0,4,0,0,0,0,0,0
src/components/customers/dialogs/CustomerAddressDialog.tsx,false,2,2,0,0,0,0,4,2,4,0,0,0,0,0
src/components/customers/dialogs/CustomerExportDialog.tsx,false,3,3,0,0,0,0,0,3,0,0,0,0,0,0
src/components/customers/dialogs/CustomerFormDialog.tsx,false,2,2,0,0,0,0,11,4,7,24,0,0,0,0
src/components/customers/dialogs/CustomerImportDialog.tsx,false,4,4,0,0,0,0,0,2,0,0,0,0,0,0
src/components/customers/dialogs/CustomerMergeDialog.tsx,false,5,5,0,0,0,0,0,4,0,0,0,0,0,0
src/components/customers/dialogs/CustomerQuickAddDialog.tsx,false,3,3,0,0,0,0,2,2,0,0,0,0,0,0
src/components/customers/dialogs/CustomerReminderDialog.tsx,false,6,6,0,0,0,0,0,2,0,0,0,0,0,0
src/components/customers/dialogs/DuplicateDetectionDialog.tsx,false,2,2,0,0,0,0,0,2,0,0,0,0,0,0
src/components/customers/filters/CustomerSearchPreview.tsx,false,1,1,0,0,0,0,0,0,0,0,0,0,0,0
src/components/customers/form/CustomerFormBasicInfo.tsx,false,0,0,0,0,0,0,2,0,0,0,0,0,0,0
src/components/customers/form/CustomerFormContact.tsx,false,0,0,0,0,0,0,2,0,0,0,0,0,0,0
src/components/customers/form/CustomerFormFinancial.tsx,false,0,0,0,0,0,0,2,0,0,0,0,0,0,0
src/components/customers/form/CustomerFormLocation.tsx,false,0,0,0,0,0,0,2,0,0,0,0,0,0,0
src/components/customers/hero/HeroActions.tsx,false,4,3,1,0,0,0,0,0,0,0,0,0,0,0
src/components/customers/hero/HeroIdentity.tsx,false,4,4,0,0,0,0,0,0,0,0,0,0,0,0
src/components/customers/hero/HeroNavigation.tsx,false,3,3,0,0,0,0,0,0,0,0,0,0,0,0
src/components/customers/list/CustomerColumnSettings.tsx,false,1,0,1,0,0,0,0,0,0,0,0,0,0,0
src/components/customers/list/CustomerEmptyState.tsx,false,3,3,0,0,0,0,0,0,0,0,0,0,0,0
src/components/customers/list/CustomerLayoutCustomizer.tsx,false,2,1,1,0,0,0,0,0,0,0,0,0,0,0
src/components/customers/list/CustomerListCard.tsx,false,1,0,1,0,0,0,0,0,0,0,0,0,0,0
src/components/customers/list/CustomerPageHeader.tsx,false,2,1,1,0,0,0,0,0,0,0,0,0,0,0
src/components/customers/list/CustomerSavedViews.tsx,false,3,2,1,0,0,0,0,6,0,0,0,0,0,0
src/components/customers/mobile/CustomerCompressedHeader.tsx,false,7,7,0,0,0,0,0,0,0,0,0,0,0,0
src/components/customers/mobile/CustomerMobileProfile.tsx,false,7,6,1,0,0,0,0,0,0,0,0,0,0,0
src/components/customers/mobile/InvoiceLongPressSheet.tsx,false,5,5,0,0,0,0,0,0,3,0,1,0,0,0
src/components/customers/shared/CustomerActionMenu.tsx,false,11,11,0,0,0,0,0,0,0,0,0,0,0,0
src/components/customers/tabs/CustomerTabBasicInfo.tsx,false,8,8,0,0,0,0,0,0,0,0,0,0,0,0
src/components/customers/tabs/CustomerTabInvoices.tsx,false,4,4,0,0,0,0,0,0,0,0,0,0,0,0
src/components/customers/tabs/CustomerTabNotes.tsx,false,2,2,0,0,0,0,2,4,4,0,0,1,0,1
src/components/customers/tabs/CustomerTabOrders.tsx,false,2,1,1,0,0,0,0,0,0,0,0,0,0,0
src/components/customers/tabs/CustomerTabPayments.tsx,false,2,2,0,0,0,0,0,0,0,0,0,0,0,0
src/components/customers/tabs/CustomerTabQuotations.tsx,false,2,1,1,0,0,0,0,0,0,0,0,0,0,0
src/components/customization/InlineCustomizer.tsx,false,6,5,1,0,0,0,0,0,3,0,0,0,0,0
src/components/dashboard/AlertsBell.tsx,false,1,0,1,0,0,0,0,0,0,0,0,0,0,0
src/components/dashboard/DashboardErrorBanner.tsx,false,1,1,0,0,0,0,0,0,0,0,0,0,0,0
src/components/dashboard/InvoiceQuickActions.tsx,false,5,5,0,0,0,0,0,0,8,0,0,1,0,0
src/components/dashboard/LowStockWidget.tsx,false,1,1,0,0,0,0,0,2,0,0,0,1,0,0
src/components/dashboard/QuickActionsWidget.tsx,false,1,1,0,0,0,0,0,0,0,0,0,0,0,0
src/components/dashboard/RecentInvoicesWidget.tsx,false,4,4,0,0,0,0,0,0,0,0,0,0,0,0
src/components/dashboard/TasksWidget.tsx,false,3,3,0,0,0,0,0,0,0,0,0,0,0,0
src/components/dashboard/WidgetContainer.tsx,false,3,3,0,0,0,0,0,0,0,0,0,0,0,0
src/components/dashboard/WidgetErrorBoundary.tsx,false,1,1,0,0,0,0,0,0,0,0,0,0,0,0
src/components/employees/EmployeeFormDialog.tsx,false,4,4,0,0,0,0,5,4,4,0,0,0,0,0
src/components/expenses/ExpenseCategoryFormDialog.tsx,false,0,0,0,0,0,0,3,3,0,0,0,0,1,0
src/components/expenses/ExpenseFormDialog.tsx,false,4,4,0,0,0,0,3,5,0,0,0,0,1,0
src/components/export/ColumnSelector.tsx,false,2,2,0,0,0,0,0,0,0,0,0,0,0,0
src/components/export/ExportWithTemplateButton.tsx,false,7,6,1,0,0,0,0,2,0,0,2,1,0,0
src/components/filters/FilterChips.tsx,false,1,1,0,0,0,0,0,0,0,0,0,0,0,0
src/components/filters/FilterDrawer.tsx,false,2,2,0,0,0,0,0,0,0,0,0,0,0,0
src/components/inventory/InventoryWarehousesTab.tsx,false,2,2,0,0,0,0,0,4,0,0,0,0,0,0
src/components/inventory/StockMovementDialog.tsx,false,2,2,0,0,0,0,4,2,4,0,0,1,0,0
src/components/inventory/WarehouseFormDialog.tsx,false,0,0,0,0,0,0,14,3,0,0,0,1,0,0
src/components/invoices/BulkPrintConfirmDialog.tsx,false,2,2,0,0,0,0,0,1,0,4,0,0,0,0
src/components/invoices/InvoiceApprovalDialog.tsx,false,6,6,0,0,0,0,2,8,5,0,0,1,0,0
src/components/invoices/InvoiceFormDialog.tsx,false,1,1,0,0,0,0,10,8,0,0,0,0,0,0
src/components/invoices/InvoiceFormHeader.tsx,false,0,0,0,0,0,0,1,0,0,0,0,0,0,0
src/components/invoices/InvoiceItemsTable.tsx,false,2,2,0,0,0,0,0,0,0,0,0,0,0,0
src/components/invoices/InvoiceValidation.tsx,false,2,2,0,0,0,0,0,4,0,0,0,0,0,0
src/components/keyboard/ShortcutsModal.tsx,false,1,1,0,0,0,0,0,0,0,0,0,0,0,0
src/components/landing/CTASection.tsx,false,1,1,0,0,0,0,0,0,0,0,0,0,0,0
src/components/landing/HeroSection.tsx,false,2,1,1,0,0,0,0,0,0,0,0,0,0,0
src/components/landing/LandingNavbar.tsx,false,5,4,1,0,0,0,0,0,0,0,0,0,0,0
src/components/landing/PricingSection.tsx,false,1,1,0,0,0,0,0,0,0,0,0,0,0,0
src/components/layout/AdminMenu.tsx,false,1,0,1,0,0,0,0,0,0,0,0,0,0,0
src/components/layout/AppSidebar.tsx,false,11,11,0,0,0,0,0,0,0,0,0,0,0,0
src/components/layout/MobileDrawer.tsx,false,12,12,0,0,0,0,0,0,0,0,0,0,0,0
src/components/layout/MobileHeader.tsx,false,1,1,0,0,0,0,0,0,0,0,0,0,0,0
src/components/layout/mobile/MobileDrawerHeader.tsx,false,2,2,0,0,0,0,0,0,0,0,0,0,0,0
src/components/layout/mobile/MobileFavoritesSection.tsx,false,2,2,0,0,0,0,0,0,0,0,0,0,0,0
src/components/layout/mobile/MobileFooter.tsx,false,3,3,0,0,0,0,0,0,0,0,0,0,0,0
src/components/layout/mobile/MobileNavSection.tsx,false,2,2,0,0,0,0,0,0,0,0,0,0,0,0
src/components/layout/mobile/MobileNavSections.tsx,false,2,2,0,0,0,0,0,0,0,0,0,0,0,0
src/components/layout/mobile/MobileQuickActions.tsx,false,1,1,0,0,0,0,0,0,0,0,0,0,0,0
src/components/layout/shared/GlobalSearchTrigger.tsx,false,1,1,0,0,0,0,2,0,0,0,0,0,0,0
src/components/layout/shared/NotificationsBell.tsx,false,2,1,1,0,0,0,0,0,0,0,0,0,0,0
src/components/layout/shared/UserMenu.tsx,false,1,0,1,0,0,0,0,0,0,0,0,0,0,0
src/components/layout/sidebar/SidebarFooter.tsx,false,5,5,0,0,0,0,0,0,0,0,0,0,0,0
src/components/logistics/LogisticsDialogs.tsx,false,6,6,0,0,0,0,6,10,0,0,0,0,0,0
src/components/logistics/LogisticsItemsTable.tsx,false,2,2,0,0,0,0,0,0,0,0,0,0,0,0
src/components/mobile/DataCard.tsx,false,2,2,0,0,0,0,0,0,0,0,0,0,0,0
src/components/mobile/FABMenu.tsx,false,2,2,0,0,0,0,0,0,0,0,0,0,0,0
src/components/mobile/FloatingActionButton.tsx,false,1,1,0,0,0,0,0,0,0,0,0,0,0,0
src/components/mobile/FullScreenForm.tsx,false,5,5,0,0,0,0,1,4,0,0,0,0,0,0
src/components/mobile/MobileDetailHeader.tsx,false,1,1,0,0,0,0,0,0,0,0,0,0,0,0
src/components/mobile/MobileSearchBar.tsx,false,2,2,0,0,0,0,0,0,0,0,0,0,0,0
src/components/navigation/PageHeader.tsx,false,1,1,0,0,0,0,0,0,0,0,0,0,0,0
src/components/navigation/QuickActions.tsx,false,1,0,1,0,0,0,0,0,0,0,0,0,0,0
src/components/notifications/AlertBanner.tsx,false,2,2,0,0,0,0,0,0,0,0,0,0,0,0
src/components/notifications/NotificationBell.tsx,false,1,0,1,0,0,0,0,0,0,0,0,1,0,0
src/components/offline/ConflictResolver.tsx,false,3,3,0,0,0,0,0,0,0,0,0,0,0,0
src/components/offline/OfflineIndicator.tsx,false,1,1,0,0,0,0,0,0,0,0,0,0,0,0
src/components/offline/ReloadPrompt.tsx,false,1,1,0,0,0,0,0,0,0,0,0,0,0,0
src/components/payments/MultiInvoiceSettlement.tsx,false,2,2,0,0,0,0,0,2,4,0,0,1,0,1
src/components/payments/PaymentFormDialog.tsx,false,3,3,0,0,0,0,3,3,0,0,0,1,0,0
src/components/platform/PlatformLayout.tsx,false,2,2,0,0,0,0,0,2,0,0,0,0,0,0
src/components/platform/PlatformSidebar.tsx,false,1,1,0,0,0,0,0,0,0,0,0,0,0,0
src/components/print/InvoicePrintView.tsx,false,2,2,0,0,0,0,0,6,0,0,2,1,0,0
src/components/print/PdfPreflightAlert.tsx,false,0,0,0,0,0,0,0,0,0,0,1,0,0,0
src/components/print/PrintButton.tsx,false,1,1,0,0,0,0,0,0,0,0,0,0,0,0
src/components/print/PrintTemplate.tsx,false,0,0,0,0,0,0,0,0,0,0,1,0,0,0
src/components/print/PurchaseOrderPrintView.tsx,false,2,2,0,0,0,0,0,6,0,0,1,0,0,0
src/components/print/QuotationPrintView.tsx,false,2,2,0,0,0,0,0,6,0,0,1,0,0,0
src/components/print/SalesOrderPrintView.tsx,false,2,2,0,0,0,0,0,6,0,0,1,0,0,0
src/components/print/UnifiedExportMenu.tsx,false,1,0,1,0,0,0,0,0,0,0,3,0,0,0
src/components/products/ProductFormDialog.tsx,false,0,0,0,0,0,0,10,2,5,0,0,0,0,0
src/components/products/ProductImportDialog.tsx,false,4,4,0,0,0,0,0,2,0,0,0,0,0,0
src/components/products/ProductVariantDialog.tsx,false,2,2,0,0,0,0,4,2,4,0,0,1,0,0
src/components/purchase-orders/PurchaseOrderFormDialog.tsx,false,2,2,0,0,0,0,7,5,0,0,0,0,0,0
src/components/quotations/QuotationFormDialog.tsx,false,4,4,0,0,0,0,6,6,0,0,0,0,1,0
src/components/quotations/QuotationItemsTable.tsx,false,2,2,0,0,0,0,0,0,0,0,0,0,0,0
src/components/reports/DateRangePicker.tsx,false,1,0,1,0,0,0,0,0,0,0,0,0,0,0
src/components/reports/ExportButton.tsx,false,1,0,1,0,0,0,0,0,0,0,0,0,0,0
src/components/reports/ReportTemplateEditor.tsx,false,1,1,0,0,0,0,0,5,5,0,0,0,0,0
src/components/reports/templateEditor/TemplateEditorDialog.tsx,false,2,2,0,0,0,0,0,0,0,0,0,0,0,0
src/components/reports/templateEditor/TemplateGrid.tsx,false,4,4,0,0,0,0,0,3,0,0,0,0,0,0
src/components/sales-orders/SalesOrderFormDialog.tsx,false,2,2,0,0,0,0,7,5,0,0,0,0,0,0
src/components/search/StickySearchBar.tsx,false,2,2,0,0,0,0,0,0,0,0,0,0,0,0
src/components/settings/AdaptivePerformanceSettings.tsx,false,1,1,0,0,0,0,0,0,0,0,0,0,0,0
src/components/settings/BackupTab.tsx,false,6,6,0,0,0,0,0,2,0,0,0,1,0,0
src/components/settings/CompanyInfoSection.tsx,false,1,1,0,0,0,0,0,4,4,0,0,1,0,0
src/components/settings/ExportCenter/AssetUploader.tsx,false,2,2,0,0,0,0,0,10,0,0,0,1,0,0
src/components/settings/ExportCenter/AuditTimelinePanel.tsx,false,4,3,1,0,0,0,0,1,0,27,0,0,0,0
src/components/settings/ExportCenter/ExportCenterPage.tsx,false,2,2,0,0,0,0,0,2,0,1,3,1,0,0
src/components/settings/ExportCenter/RenderProfileSection.tsx,false,2,2,0,0,0,0,0,4,0,1,0,0,0,0
src/components/settings/InvoiceSettingsSection.tsx,false,3,3,0,0,0,0,0,4,5,0,0,1,0,0
src/components/settings/LivePreviewCard.tsx,false,3,0,3,0,0,0,0,0,0,0,0,0,0,0
src/components/settings/NotificationSettings.tsx,false,3,3,0,0,0,0,0,1,0,0,0,0,0,0
src/components/settings/OfflineSettings.tsx,false,2,2,0,0,0,0,0,4,6,0,0,1,0,0
src/components/settings/PdfEngineSettings.tsx,false,1,1,0,0,0,0,0,0,0,0,2,0,0,0
src/components/settings/PersonalInfoSection.tsx,false,1,1,0,0,0,0,0,2,4,0,0,1,0,0
src/components/settings/ResetSettingsButton.tsx,false,1,0,1,0,0,0,0,0,0,27,0,0,0,0
src/components/settings/SecuritySection.tsx,false,1,1,0,0,0,0,0,2,6,0,0,1,0,0
src/components/settings/SettingsExportImport.tsx,false,5,5,0,0,0,0,0,0,8,0,0,1,0,0
src/components/settings/ThemeCustomizer.tsx,false,1,1,0,0,0,0,0,0,0,0,0,0,0,0
src/components/shared/AttachmentUploadForm.tsx,false,3,2,1,0,0,0,0,6,0,0,0,1,0,0
src/components/shared/AttachmentsList.tsx,false,3,3,0,0,0,0,0,3,0,24,0,1,0,0
src/components/shared/AttachmentsSearch.tsx,false,5,3,2,0,0,0,0,0,0,0,0,0,0,0
src/components/shared/ChartErrorBoundary.tsx,false,1,1,0,0,0,0,0,0,0,0,0,0,0,0
src/components/shared/EmptyState.tsx,false,2,2,0,0,0,0,0,0,0,0,0,0,0,0
src/components/shared/FileUpload.tsx,false,2,2,0,0,0,0,0,6,0,0,0,1,0,0
src/components/shared/FormDialogFooter.tsx,false,2,2,0,0,0,0,1,5,0,0,0,0,0,0
src/components/shared/FormFieldError.tsx,false,0,0,0,0,0,0,1,0,0,0,0,0,0,0
src/components/shared/ImageUpload.tsx,false,4,4,0,0,0,0,0,13,6,0,0,1,0,0
src/components/shared/ListErrorState.tsx,false,1,1,0,0,0,0,0,0,0,0,0,0,0,0
src/components/shared/LogoUpload.tsx,false,1,1,0,0,0,0,0,6,0,0,0,1,0,0
src/components/shared/ResponsiveItemsTable.tsx,false,4,4,0,0,0,0,0,0,0,0,0,0,0,0
src/components/shared/ServerPagination.tsx,false,4,4,0,0,0,0,0,0,0,0,0,0,0,0
src/components/shared/SharedEmptyState.tsx,false,2,2,0,0,0,0,0,0,0,0,0,0,0,0
src/components/shared/WhatsAppShareButton.tsx,false,1,1,0,0,0,0,0,0,0,0,0,0,0,0
src/components/sidebar/ClickableSearchButton.tsx,false,2,2,0,0,0,0,0,0,0,0,0,0,0,0
src/components/sidebar/DraggableNavSection.tsx,false,1,0,1,0,0,0,0,0,0,0,0,0,0,0
src/components/sidebar/FavoritesSection.tsx,false,3,3,0,0,0,0,0,0,0,0,0,0,0,0
src/components/sidebar/NavItemWithBadge.tsx,false,3,3,0,0,0,0,0,0,0,0,0,0,0,0
src/components/sidebar/QuickActions.tsx,false,2,2,0,0,0,0,0,0,0,0,0,0,0,0
src/components/sidebar/SidebarSearch.tsx,false,1,1,0,0,0,0,0,0,0,0,0,0,0,0
src/components/suppliers/SupplierFormDialog.tsx,false,4,4,0,0,0,0,6,4,4,0,0,1,0,0
src/components/suppliers/SupplierImportDialog.tsx,false,4,4,0,0,0,0,0,2,0,0,0,1,0,0
src/components/suppliers/SupplierPaymentDialog.tsx,false,1,1,0,0,0,0,2,2,5,0,0,1,1,0
src/components/suppliers/SupplierPaymentsTab.tsx,false,2,2,0,0,0,0,0,3,0,0,0,0,0,0
src/components/suppliers/SupplierProfileHeader.tsx,false,4,4,0,0,0,0,0,0,0,0,0,0,0,0
src/components/suppliers/SupplierRatingTab.tsx,false,3,3,0,0,0,0,0,4,4,0,0,0,0,0
src/components/suppliers/dialogs/SupplierExportDialog.tsx,false,3,3,0,0,0,0,0,3,0,0,0,0,0,0
src/components/suppliers/dialogs/SupplierQuickAddDialog.tsx,false,3,3,0,0,0,0,2,2,0,0,0,0,0,0
src/components/suppliers/hero/SupplierHeroActions.tsx,false,6,6,0,0,0,0,0,0,0,0,0,0,0,0
src/components/suppliers/list/SupplierPageHeader.tsx,false,3,2,1,0,0,0,0,0,0,0,0,0,0,0
src/components/suppliers/list/SupplierSavedViews.tsx,false,3,3,0,0,0,0,0,0,0,0,0,0,0,0
src/components/suppliers/mobile/SupplierCompressedHeader.tsx,false,4,4,0,0,0,0,0,0,0,0,0,0,0,0
src/components/suppliers/mobile/SupplierMobileProfile.tsx,false,7,6,1,0,0,0,0,0,0,0,0,0,0,0
src/components/suppliers/tabs/SupplierNotesTab.tsx,false,5,5,0,0,0,0,0,4,5,0,0,0,0,0
src/components/suppliers/tabs/SupplierStatementTab.tsx,false,2,2,0,0,0,0,0,2,4,0,0,0,0,0
src/components/system/AboutSystemCard.tsx,false,1,1,0,0,0,0,0,0,5,0,0,0,0,0
src/components/table/ColumnCustomizer.tsx,false,2,1,1,0,0,0,0,0,0,0,0,0,0,0
src/components/tenant/TenantSelector.tsx,false,1,0,1,0,0,0,0,5,0,0,0,0,0,0
src/components/tenant/TenantSettings.tsx,false,1,1,0,0,0,0,0,2,0,0,0,1,0,0
src/components/treasury/CashRegisterFormDialog.tsx,false,2,2,0,0,0,0,3,5,4,0,0,0,1,0
src/components/treasury/CashTransactionDialog.tsx,false,2,2,0,0,0,0,3,2,4,0,0,0,1,0
src/components/ui/carousel.tsx,false,2,2,0,0,0,0,0,0,0,0,0,0,0,0
src/components/ui/data-table-actions.tsx,false,4,3,1,0,0,0,0,0,0,40,0,0,0,0
src/components/ui/data-table-header.tsx,false,3,2,1,0,0,0,0,0,0,0,0,0,0,0
src/components/ui/form.tsx,false,0,0,0,0,0,0,9,0,0,0,0,0,0,0
src/components/ui/sidebar.tsx,false,1,1,0,0,0,0,0,0,0,0,0,0,0,0
src/components/ui-kit/StandardFormDialog.tsx,false,4,4,0,0,0,0,2,8,0,0,0,0,0,0
src/components/ui-kit/StandardPageHeader.tsx,false,1,1,0,0,0,0,0,0,0,0,0,0,0,0
src/pages/Auth.tsx,true,5,5,0,0,0,0,0,7,0,0,0,0,0,0
src/pages/Dashboard.tsx,true,3,3,0,0,0,0,0,3,4,0,0,0,0,0
src/pages/ForbiddenPage.tsx,true,1,1,0,0,0,0,0,0,0,0,0,0,0,0
src/pages/ForgotPasswordPage.tsx,true,2,2,0,0,0,0,2,3,0,0,0,1,0,0
src/pages/NotFound.tsx,true,2,2,0,0,0,0,0,0,0,0,0,0,0,0
src/pages/OAuthConsent.tsx,true,2,2,0,0,0,0,0,0,0,0,0,1,0,0
src/pages/ResetPasswordPage.tsx,true,1,1,0,0,0,0,2,3,0,0,0,1,0,0
src/pages/RouteErrorPage.tsx,true,2,2,0,0,0,0,0,0,0,0,0,0,0,0
src/pages/accounting/ChartOfAccountsPage.tsx,true,4,4,0,0,0,0,0,2,0,0,0,0,0,0
src/pages/accounting/JournalEntriesPage.tsx,true,2,2,0,0,0,0,0,2,0,0,0,0,1,0
src/pages/accounting/PostingLogPage.tsx,true,1,1,0,0,0,0,0,4,0,0,0,0,0,0
src/pages/admin/ActivityLogPage.tsx,true,1,1,0,0,0,0,0,2,0,0,0,0,0,0
src/pages/admin/AdminDashboard.tsx,true,2,2,0,0,0,0,0,3,0,0,0,0,0,0
src/pages/admin/ApprovalChainsPage.tsx,true,6,6,0,0,0,0,0,4,0,0,0,0,0,0
src/pages/admin/AuditTrailPage.tsx,true,1,1,0,0,0,0,0,2,0,0,0,0,0,0
src/pages/admin/BackupPage.tsx,true,4,4,0,0,0,0,0,2,0,0,0,1,0,0
src/pages/admin/CustomizationsPage.tsx,true,3,2,1,0,0,0,0,2,0,0,0,1,0,0
src/pages/admin/DispatcherBatchDetailPage.tsx,true,1,1,0,0,0,0,0,7,0,0,0,1,0,0
src/pages/admin/DispatcherBatchesPage.tsx,true,1,1,0,0,0,0,0,2,0,0,0,1,0,0
src/pages/admin/DomainEventsPage.tsx,true,4,4,0,0,0,0,0,6,0,0,0,1,0,1
src/pages/admin/ExportTemplatesPage.tsx,true,2,2,0,0,0,0,0,4,0,24,0,0,0,0
src/pages/admin/PermissionsPage.tsx,true,1,1,0,0,0,0,0,4,0,0,0,1,0,0
src/pages/admin/RoleLimitsPage.tsx,true,1,1,0,0,0,0,0,10,0,0,0,1,0,1
src/pages/admin/RolesPage.tsx,true,6,5,1,0,0,0,2,7,0,24,0,1,0,0
src/pages/admin/SodRulesPage.tsx,true,8,8,0,0,0,0,0,4,0,0,0,0,0,0
src/pages/admin/TenantsPage.tsx,true,4,4,0,0,0,0,0,4,0,0,0,0,0,0
src/pages/admin/UsersPage.tsx,true,1,1,0,0,0,0,0,2,0,0,0,1,0,0
src/pages/approvals/ApprovalsPage.tsx,true,4,4,0,0,0,0,0,6,0,0,0,0,1,0
src/pages/attachments/AttachmentsPage.tsx,true,2,2,0,0,0,0,0,2,0,0,0,1,0,0
src/pages/attendance/AttendancePage.tsx,true,3,3,0,0,0,0,0,3,6,0,0,0,0,0
src/pages/categories/CategoriesPage.tsx,true,4,4,0,0,0,0,0,3,4,0,0,0,1,0
src/pages/collections/CollectionDashboard.tsx,true,1,1,0,0,1,0,0,0,0,0,0,0,0,0
src/pages/credit-notes/CreditNoteDetailsPage.tsx,true,3,3,0,0,0,0,0,6,6,0,0,0,0,0
src/pages/credit-notes/CreditNotesPage.tsx,true,1,1,0,0,0,0,0,2,6,0,0,0,0,0
src/pages/credit-notes/components/CreditNoteTable.tsx,true,3,3,0,0,0,0,0,0,0,0,0,0,0,0
src/pages/customers/CustomerDetailsPage.tsx,true,1,1,0,0,0,0,0,7,5,0,0,0,0,0
src/pages/customers/CustomersPage.tsx,true,4,3,1,0,0,0,0,5,0,0,0,0,0,0
src/pages/delivery-notes/DeliveryNotesPage.tsx,true,3,3,0,0,0,0,0,6,0,0,0,0,0,0
src/pages/dev/PdfJobsPage.tsx,true,4,4,0,0,0,0,0,5,0,0,0,1,0,0
src/pages/dev/PdfSandboxPage.tsx,true,1,1,0,0,0,0,0,2,0,0,5,0,0,0
src/pages/dev/PdfTelemetryPage.tsx,true,1,1,0,0,0,0,0,0,0,0,0,0,0,0
src/pages/employees/EmployeeDetailsPage.tsx,true,3,3,0,0,0,0,0,2,0,0,0,1,0,0
src/pages/employees/EmployeesPage.tsx,true,2,1,1,0,0,0,0,3,0,24,0,0,0,0
src/pages/expenses/ExpenseCategoriesPage.tsx,true,3,3,0,0,0,0,0,4,4,24,0,0,1,0
src/pages/expenses/ExpensesPage.tsx,true,3,3,0,0,0,0,0,7,4,24,0,0,1,0
src/pages/file/OpenFilePage.tsx,true,6,6,0,0,0,0,0,0,0,0,0,0,0,0
src/pages/goods-receipts/GoodsReceiptsPage.tsx,true,3,3,0,0,0,0,0,6,0,0,0,0,0,0
src/pages/install/InstallPage.tsx,true,1,1,0,0,0,0,0,0,0,0,0,0,0,0
src/pages/inventory/InventoryPage.tsx,true,2,2,0,0,0,0,3,12,2,24,0,0,1,0
src/pages/invoices/InvoiceDetailsPage.tsx,true,11,10,1,0,0,0,0,2,0,0,0,0,0,0
src/pages/invoices/InvoicesPage.tsx,true,8,8,0,0,0,0,0,3,0,3,0,0,0,0
src/pages/logistics/LogisticsDocumentDetailsPage.tsx,true,6,6,0,0,0,0,0,6,0,0,0,0,0,0
src/pages/notifications/NotificationsPage.tsx,true,2,2,0,0,0,0,0,3,3,0,0,1,0,0
src/pages/payments/PaymentsPage.tsx,true,2,2,0,0,0,0,0,2,5,0,0,0,1,0
src/pages/platform/PlatformAuth.tsx,true,2,2,0,0,0,0,0,5,0,0,0,0,0,0
src/pages/platform/PlatformDashboard.tsx,true,2,2,0,0,0,0,0,2,0,0,0,1,0,2
src/pages/platform/TenantDetailsPage.tsx,true,3,3,0,0,0,0,0,2,0,0,0,1,0,3
src/pages/platform/TenantsManagementPage.tsx,true,4,3,1,0,0,0,0,4,0,0,0,1,0,3
src/pages/pricing/PriceListsPage.tsx,true,8,8,0,0,0,0,0,5,9,0,0,0,0,0
src/pages/products/ProductDetailsPage.tsx,true,11,11,0,0,0,0,0,2,3,0,0,0,0,0
src/pages/products/ProductsPage.tsx,true,2,2,0,0,0,0,0,3,0,0,0,0,0,0
src/pages/protocol/ProtocolHandlerPage.tsx,true,1,1,0,0,0,0,0,0,0,0,0,0,0,0
src/pages/purchase-invoices/PurchaseInvoiceApprovalsPage.tsx,true,2,2,0,0,0,0,0,2,0,0,0,0,0,0
src/pages/purchase-invoices/PurchaseInvoicesPage.tsx,true,2,2,0,0,0,0,0,5,0,0,0,0,0,0
src/pages/purchase-orders/PurchaseOrderDetailsPage.tsx,true,8,7,1,0,0,0,0,3,2,0,0,0,0,0
src/pages/purchase-orders/PurchaseOrdersPage.tsx,true,1,1,0,0,0,0,0,4,3,0,0,0,0,0
src/pages/purchase-orders/components/PurchaseOrderTable.tsx,true,2,2,0,0,0,0,0,3,0,0,0,0,0,0
src/pages/quotations/QuotationDetailsPage.tsx,true,9,8,1,0,0,0,0,4,4,0,0,0,0,0
src/pages/quotations/QuotationsPage.tsx,true,3,3,0,0,0,0,0,3,5,0,0,0,0,0
src/pages/quotes/QuoteNewPage.tsx,true,4,4,0,0,0,0,0,1,6,0,0,0,0,0
src/pages/quotes/QuotesPage.tsx,true,5,5,0,0,0,0,0,3,0,0,0,0,0,0
src/pages/quotes/SalesPipelinePage.tsx,true,2,2,0,0,0,0,0,4,0,0,0,0,0,0
src/pages/reports/ReturnsReportPage.tsx,true,1,1,0,0,0,0,0,2,0,0,0,1,0,0
src/pages/reports/SalesReportsPage.tsx,true,2,1,1,0,0,0,0,3,0,0,0,1,0,0
src/pages/sales-orders/SalesOrderDetailsPage.tsx,true,8,7,1,0,0,0,0,3,2,0,0,0,0,0
src/pages/sales-orders/SalesOrdersPage.tsx,true,3,3,0,0,0,0,0,3,3,0,0,0,0,0
src/pages/search/SearchPage.tsx,true,4,4,0,0,0,0,0,3,0,0,0,1,0,0
src/pages/settings/CustomerAlertSettings.tsx,true,1,1,0,0,0,0,0,0,0,0,0,0,0,0
src/pages/share/ShareTargetPage.tsx,true,4,4,0,0,0,0,0,2,0,0,0,0,0,0
src/pages/suppliers/SupplierDetailsPage.tsx,true,3,3,0,0,0,0,0,2,4,0,2,0,0,0
src/pages/suppliers/SupplierPaymentsPage.tsx,true,1,1,0,0,0,0,0,1,0,0,0,0,0,0
src/pages/suppliers/SuppliersPage.tsx,true,4,4,0,0,0,0,0,4,0,0,2,0,0,0
src/pages/sync/SyncStatusPage.tsx,true,6,6,0,0,0,0,0,0,10,0,0,1,0,0
src/pages/tasks/TasksPage.tsx,true,5,4,1,0,0,0,0,5,4,0,0,0,0,0
src/pages/treasury/CashRegisterDetailsPage.tsx,true,4,4,0,0,0,0,0,6,0,0,0,0,0,0
src/pages/treasury/TreasuryPage.tsx,true,4,4,0,0,0,0,0,2,0,0,0,0,0,0
src/ui/__integration__/harness/IntegrationHarnessPage.tsx,false,7,6,1,0,0,0,0,2,0,0,0,0,0,0
src/ui/composites/__demo__/CompositesGallery.tsx,false,4,1,3,0,0,0,0,0,0,0,0,0,0,0
src/ui/composites/data/Pagination.tsx,false,2,1,1,0,0,0,0,0,0,0,0,0,0,0
src/ui/composites/form/FieldArray.tsx,false,2,2,0,0,0,0,0,0,0,0,0,0,0,0
src/ui/composites/form/Form.tsx,false,0,0,0,0,0,0,2,0,0,0,0,0,0,0
src/ui/composites/form/FormDialog.tsx,false,0,0,0,0,0,0,3,0,0,0,0,0,0,0
src/ui/composites/index.ts,false,0,0,0,0,0,0,1,0,0,0,0,0,0,0
src/ui/primitives/__demo__/PrimitivesGallery.tsx,false,7,0,7,0,0,0,0,0,0,0,0,0,0,0